{"cameraMode":{"drawMode":0,"name":"Shaded","section":"Shading Mode"},"sceneLighting":false,"audioPlay":false,"sceneViewState":{"showFog":true,"showMaterialUpdate":false,"showSkybox":true,"showFlares":true,"showImageEffects":true,"showParticleSystems":true},"in2DMode":false,"pivot":{"x":-6.588070869445801,"y":-2.6426596641540529,"z":-10.382930755615235},"rotation":{"x":0.09413278102874756,"y":0.8243809938430786,"z":-0.1438966691493988,"w":0.53928542137146},"size":8.980042457580567,"orthographic":false}