{"cameraMode":{"drawMode":0,"name":"Shaded","section":"Shading Mode"},"sceneLighting":false,"audioPlay":false,"sceneViewState":{"showFog":true,"showMaterialUpdate":false,"showSkybox":true,"showFlares":true,"showImageEffects":true,"showParticleSystems":true},"in2DMode":false,"pivot":{"x":0.2982494831085205,"y":-0.014805316925048828,"z":-0.23179763555526734},"rotation":{"x":0.09413278102874756,"y":0.8243809938430786,"z":-0.1438966691493988,"w":0.53928542137146},"size":7.284006118774414,"orthographic":false}