{"cameraMode":{"drawMode":0,"name":"Shaded","section":"Shading Mode"},"sceneLighting":false,"audioPlay":false,"sceneViewState":{"showFog":true,"showMaterialUpdate":false,"showSkybox":true,"showFlares":true,"showImageEffects":true,"showParticleSystems":true},"in2DMode":false,"pivot":{"x":0.06343974173069,"y":-0.3729497194290161,"z":0.14815449714660645},"rotation":{"x":0.3903094232082367,"y":0.07306776195764542,"z":-0.031091907992959024,"w":0.9172529578208923},"size":2.025200605392456,"orthographic":false}