{"cameraMode":{"drawMode":0,"name":"Shaded","section":"Shading Mode"},"sceneLighting":true,"audioPlay":false,"sceneViewState":{"showFog":true,"showMaterialUpdate":false,"showSkybox":true,"showFlares":true,"showImageEffects":true,"showParticleSystems":true},"in2DMode":false,"pivot":{"x":389.0098876953125,"y":423.56927490234377,"z":-32.16420364379883},"rotation":{"x":-0.08088681101799011,"y":0.026315635070204736,"z":-0.0021363073028624059,"w":-0.9963735342025757},"size":488.021484375,"orthographic":false}