{"cameraMode":{"drawMode":0,"name":"Shaded","section":"Shading Mode"},"sceneLighting":false,"audioPlay":false,"sceneViewState":{"showFog":true,"showMaterialUpdate":false,"showSkybox":true,"showFlares":true,"showImageEffects":true,"showParticleSystems":true},"in2DMode":false,"pivot":{"x":-5.984458923339844,"y":0.7466696500778198,"z":-3.7750518321990969},"rotation":{"x":-0.0011694148415699602,"y":0.9986843466758728,"z":-0.043782252818346027,"w":-0.026672203093767167},"size":6.013953685760498,"orthographic":false}