{"cameraMode":{"drawMode":0,"name":"Shaded","section":"Shading Mode"},"sceneLighting":false,"audioPlay":false,"sceneViewState":{"showFog":true,"showMaterialUpdate":false,"showSkybox":true,"showFlares":true,"showImageEffects":true,"showParticleSystems":true},"in2DMode":false,"pivot":{"x":0.032851383090019229,"y":-0.06983055174350739,"z":-0.00910632498562336},"rotation":{"x":-0.1357952505350113,"y":0.8592472076416016,"z":-0.39491310715675356,"w":-0.29546183347702029},"size":1.0813268423080445,"orthographic":false}