{"cameraMode":{"drawMode":0,"name":"Shaded","section":"Shading Mode"},"sceneLighting":false,"audioPlay":false,"sceneViewState":{"showFog":true,"showMaterialUpdate":false,"showSkybox":true,"showFlares":true,"showImageEffects":true,"showParticleSystems":true},"in2DMode":false,"pivot":{"x":0.09082722663879395,"y":-0.06665971875190735,"z":0.042120009660720828},"rotation":{"x":-0.008541389368474484,"y":0.9526201486587524,"z":-0.30285337567329409,"w":-0.026866815984249116},"size":0.7173126339912415,"orthographic":false}