{"cameraMode":{"drawMode":0,"name":"Shaded","section":"Shading Mode"},"sceneLighting":true,"audioPlay":false,"sceneViewState":{"showFog":true,"showMaterialUpdate":false,"showSkybox":true,"showFlares":true,"showImageEffects":true,"showParticleSystems":true},"in2DMode":false,"pivot":{"x":-2.283644437789917,"y":-19.31100082397461,"z":7.405294418334961},"rotation":{"x":-0.5567849278450012,"y":0.040594298392534259,"z":-0.027257658541202546,"w":-0.8292163014411926},"size":110.97554016113281,"orthographic":false}