{"cameraMode":{"drawMode":0,"name":"Shaded","section":"Shading Mode"},"sceneLighting":false,"audioPlay":false,"sceneViewState":{"showFog":true,"showMaterialUpdate":false,"showSkybox":true,"showFlares":true,"showImageEffects":true,"showParticleSystems":true},"in2DMode":false,"pivot":{"x":-5.730999946594238,"y":1.1100001335144044,"z":0.2838253080844879},"rotation":{"x":-0.15494203567504884,"y":0.8444320559501648,"z":-0.34445667266845705,"w":-0.37983831763267519},"size":4.397774696350098,"orthographic":false}