{"cameraMode":{"drawMode":0,"name":"Shaded","section":"Shading Mode"},"sceneLighting":false,"audioPlay":false,"sceneViewState":{"showFog":true,"showMaterialUpdate":false,"showSkybox":true,"showFlares":true,"showImageEffects":true,"showParticleSystems":true},"in2DMode":false,"pivot":{"x":-36.4193115234375,"y":17.5263614654541,"z":-4.7255754470825199},"rotation":{"x":0.09413278102874756,"y":0.8243809938430786,"z":-0.1438966691493988,"w":0.53928542137146},"size":27.475725173950197,"orthographic":false}