{"cameraMode":{"drawMode":0,"name":"Shaded","section":"Shading Mode"},"sceneLighting":false,"audioPlay":false,"sceneViewState":{"showFog":true,"showMaterialUpdate":false,"showSkybox":true,"showFlares":true,"showImageEffects":true,"showParticleSystems":true},"in2DMode":false,"pivot":{"x":0.1094113290309906,"y":-0.23257023096084596,"z":-0.03032855875790119},"rotation":{"x":-0.02709076926112175,"y":0.8697965741157532,"z":-0.49031683802604678,"w":-0.048057783395051959},"size":3.6013522148132326,"orthographic":false}