{"cameraMode":{"drawMode":0,"name":"Shaded","section":"Shading Mode"},"sceneLighting":true,"audioPlay":false,"sceneViewState":{"showFog":true,"showMaterialUpdate":false,"showSkybox":true,"showFlares":true,"showImageEffects":true,"showParticleSystems":true},"in2DMode":false,"pivot":{"x":-25.471487045288087,"y":3.0246901512145998,"z":15.052262306213379},"rotation":{"x":-0.013491306453943253,"y":0.034489840269088748,"z":0.0004655111988540739,"w":0.9993138909339905},"size":49.583457946777347,"orthographic":false}