{"cameraMode":{"drawMode":0,"name":"Shaded","section":"Shading Mode"},"sceneLighting":false,"audioPlay":false,"sceneViewState":{"showFog":true,"showMaterialUpdate":false,"showSkybox":true,"showFlares":true,"showImageEffects":true,"showParticleSystems":true},"in2DMode":false,"pivot":{"x":-5.730999946594238,"y":1.1100001335144044,"z":0.2838253080844879},"rotation":{"x":-0.006681947037577629,"y":0.9907909035682678,"z":-0.12430790811777115,"w":-0.053256936371326449},"size":4.397774696350098,"orthographic":false}