{"cameraMode":{"drawMode":0,"name":"Shaded","section":"Shading Mode"},"sceneLighting":false,"audioPlay":false,"sceneViewState":{"showFog":true,"showMaterialUpdate":false,"showSkybox":true,"showFlares":true,"showImageEffects":true,"showParticleSystems":true},"in2DMode":false,"pivot":{"x":-5.647641181945801,"y":0.9862738251686096,"z":-0.6018571853637695},"rotation":{"x":-0.003521026810631156,"y":0.9948199987411499,"z":-0.09460397064685822,"w":-0.03702466934919357},"size":6.013953685760498,"orthographic":false}