{"cameraMode":{"drawMode":0,"name":"Shaded","section":"Shading Mode"},"sceneLighting":true,"audioPlay":false,"sceneViewState":{"showFog":true,"showMaterialUpdate":false,"showSkybox":true,"showFlares":true,"showImageEffects":true,"showParticleSystems":true},"in2DMode":false,"pivot":{"x":6.808408737182617,"y":0.2991909682750702,"z":-10.901042938232422},"rotation":{"x":0.0006308449083007872,"y":0.9815600514411926,"z":-0.1911257803440094,"w":0.00324056064710021},"size":0.00005634145418298431,"orthographic":false}