{"cameraMode":{"drawMode":0,"name":"Shaded","section":"Shading Mode"},"sceneLighting":false,"audioPlay":false,"sceneViewState":{"showFog":true,"showMaterialUpdate":false,"showSkybox":true,"showFlares":true,"showImageEffects":true,"showParticleSystems":true},"in2DMode":false,"pivot":{"x":-0.20673227310180665,"y":0.18808987736701966,"z":-0.3269925117492676},"rotation":{"x":-0.14138922095298768,"y":-0.394207626581192,"z":0.06151983514428139,"w":-0.9059938192367554},"size":5.745234966278076,"orthographic":false}