{"cameraMode":{"drawMode":0,"name":"Shaded","section":"Shading Mode"},"sceneLighting":false,"audioPlay":false,"sceneViewState":{"showFog":true,"showMaterialUpdate":false,"showSkybox":true,"showFlares":true,"showImageEffects":true,"showParticleSystems":true},"in2DMode":false,"pivot":{"x":0.1804572492837906,"y":-0.13542699813842774,"z":0.2538430690765381},"rotation":{"x":0.10659249871969223,"y":-0.01790502667427063,"z":0.001919924863614142,"w":0.9941397309303284},"size":1.4891862869262696,"orthographic":false}