{"cameraMode":{"drawMode":0,"name":"Shaded","section":"Shading Mode"},"sceneLighting":true,"audioPlay":false,"sceneViewState":{"showFog":true,"showMaterialUpdate":false,"showSkybox":true,"showFlares":true,"showImageEffects":true,"showParticleSystems":true},"in2DMode":false,"pivot":{"x":-37.46488571166992,"y":2.3498969078063967,"z":-6.570000648498535},"rotation":{"x":-0.007054257672280073,"y":0.9713972210884094,"z":-0.2355652153491974,"w":-0.02909761480987072},"size":11.991780281066895,"orthographic":false}