{"cameraMode":{"drawMode":0,"name":"Shaded","section":"Shading Mode"},"sceneLighting":false,"audioPlay":false,"sceneViewState":{"showFog":true,"showMaterialUpdate":false,"showSkybox":true,"showFlares":true,"showImageEffects":true,"showParticleSystems":true},"in2DMode":false,"pivot":{"x":-0.041826725006103519,"y":0.47204530239105227,"z":-0.9190124273300171},"rotation":{"x":0.21535624563694,"y":0.729221522808075,"z":-0.2647916078567505,"w":0.5930792689323425},"size":2.110707998275757,"orthographic":false}