{"cameraMode":{"drawMode":0,"name":"Shaded","section":"Shading Mode"},"sceneLighting":true,"audioPlay":false,"sceneViewState":{"showFog":false,"showMaterialUpdate":false,"showSkybox":false,"showFlares":false,"showImageEffects":false,"showParticleSystems":false},"in2DMode":false,"pivot":{"x":8.51278305053711,"y":0.911195695400238,"z":-8.488814353942871},"rotation":{"x":-0.07255867123603821,"y":-0.8485446572303772,"z":0.12071368098258972,"w":-0.5100347399711609},"size":3.223435878753662,"orthographic":false}