{"cameraMode":{"drawMode":0,"name":"Shaded","section":"Shading Mode"},"sceneLighting":false,"audioPlay":false,"sceneViewState":{"showFog":false,"showMaterialUpdate":false,"showSkybox":false,"showFlares":false,"showImageEffects":false,"showParticleSystems":false},"in2DMode":false,"pivot":{"x":-9.196480751037598,"y":-1.0209511518478394,"z":0.2716761827468872},"rotation":{"x":0.14200252294540406,"y":-0.7817670702934265,"z":0.19281306862831117,"w":0.5757592916488648},"size":6.441659927368164,"orthographic":false}